source,placed_as,page,target_path,note
Gallery 26.jpg,work-01.jpg,gallery,assets/images/gallery/work-01.jpg,Resized to 800x600px JPG q85
Gallery 24.jpg,work-01.jpg,gallery,assets/images/gallery/work-01.jpg,Resized to 800x600px JPG q85
Gallery 23.jpeg,work-01.jpg,gallery,assets/images/gallery/work-01.jpg,Resized to 800x600px JPG q85
Gallery 31.jpg,work-01.jpg,gallery,assets/images/gallery/work-01.jpg,Resized to 800x600px JPG q85
Gallery 32.jpg,work-01.jpg,gallery,assets/images/gallery/work-01.jpg,Resized to 800x600px JPG q85
Gallery 29.jpg,work-01.jpg,gallery,assets/images/gallery/work-01.jpg,Resized to 800x600px JPG q85
Gallery 25.jpg,work-01.jpg,gallery,assets/images/gallery/work-01.jpg,Resized to 800x600px JPG q85
Gallery 33.jpg,work-01.jpg,gallery,assets/images/gallery/work-01.jpg,Resized to 800x600px JPG q85
Gallery 16.jpg,work-01.jpg,gallery,assets/images/gallery/work-01.jpg,Resized to 800x600px JPG q85
Work car for about page and service area.png,about-work.jpg,about,assets/images/about/about-work.jpg,Resized to 1200x800px JPG q85
photo for service - cleaning - in our services.png,service-cleaning.jpg,services,assets/images/services/service-cleaning.jpg,Resized to 600x400px JPG q85
Gallery 27.jpg,work-01.jpg,gallery,assets/images/gallery/work-01.jpg,Resized to 800x600px JPG q85
Gallery 15.jpg,work-01.jpg,gallery,assets/images/gallery/work-01.jpg,Resized to 800x600px JPG q85
Gallery 18.jpg,work-01.jpg,gallery,assets/images/gallery/work-01.jpg,Resized to 800x600px JPG q85
Gallery 30.jpg,work-01.jpg,gallery,assets/images/gallery/work-01.jpg,Resized to 800x600px JPG q85
Gallery 21.jpg,work-01.jpg,gallery,assets/images/gallery/work-01.jpg,Resized to 800x600px JPG q85
our services - repair.jpg,service-repair.jpg,services,assets/images/services/service-repair.jpg,Resized to 600x400px JPG q85
Gallery 14.jpg,work-01.jpg,gallery,assets/images/gallery/work-01.jpg,Resized to 800x600px JPG q85
Gallery 28.jpg,work-01.jpg,gallery,assets/images/gallery/work-01.jpg,Resized to 800x600px JPG q85
Gallery 13.jpg,work-01.jpg,gallery,assets/images/gallery/work-01.jpg,Resized to 800x600px JPG q85
Gallery 19.jpg,work-01.jpg,gallery,assets/images/gallery/work-01.jpg,Resized to 800x600px JPG q85
Gallery 17.jpg,work-01.jpg,gallery,assets/images/gallery/work-01.jpg,Resized to 800x600px JPG q85
Gallery 6.jpg,work-01.jpg,gallery,assets/images/gallery/work-01.jpg,Resized to 800x600px JPG q85
Gallery 36.jpg,work-01.jpg,gallery,assets/images/gallery/work-01.jpg,Resized to 800x600px JPG q85
Gallery 20.jpg,work-01.jpg,gallery,assets/images/gallery/work-01.jpg,Resized to 800x600px JPG q85
Gallery 22.jpg,work-01.jpg,gallery,assets/images/gallery/work-01.jpg,Resized to 800x600px JPG q85
our services - Installations.jpg,service-installation.jpg,services,assets/images/services/service-installation.jpg,Resized to 600x400px JPG q85
Gallery 34.jpg,work-01.jpg,gallery,assets/images/gallery/work-01.jpg,Resized to 800x600px JPG q85
Gallery 11.jpg,work-01.jpg,gallery,assets/images/gallery/work-01.jpg,Resized to 800x600px JPG q85
Gallery 8.jpg,work-01.jpg,gallery,assets/images/gallery/work-01.jpg,Resized to 800x600px JPG q85
Gallery 7.jpg,work-01.jpg,gallery,assets/images/gallery/work-01.jpg,Resized to 800x600px JPG q85
Gallery 9.jpg,work-01.jpg,gallery,assets/images/gallery/work-01.jpg,Resized to 800x600px JPG q85
Gallery 5.jpg,work-01.jpg,gallery,assets/images/gallery/work-01.jpg,Resized to 800x600px JPG q85
After 4.jpg,before-after-4-after.jpg,gallery,assets/images/gallery/before-after-4-after.jpg,Resized to 1200x800px JPG q85
Gallery 3.jpg,work-01.jpg,gallery,assets/images/gallery/work-01.jpg,Resized to 800x600px JPG q85
Before 1.jpg,before-after-1-before.jpg,gallery,assets/images/gallery/before-after-1-before.jpg,Resized to 1200x800px JPG q85
Gallery 2.jpg,work-01.jpg,gallery,assets/images/gallery/work-01.jpg,Resized to 800x600px JPG q85
After2.jpg,before-after-2-after.jpg,gallery,assets/images/gallery/before-after-2-after.jpg,Resized to 1200x800px JPG q85
Before 5.jpg,before-after-5-before.jpg,gallery,assets/images/gallery/before-after-5-before.jpg,Resized to 1200x800px JPG q85
Before 4.jpg,before-after-4-before.jpg,gallery,assets/images/gallery/before-after-4-before.jpg,Resized to 1200x800px JPG q85
Gallery 4.jpg,work-01.jpg,gallery,assets/images/gallery/work-01.jpg,Resized to 800x600px JPG q85
Before 2.jpg,before-after-2-before.jpg,gallery,assets/images/gallery/before-after-2-before.jpg,Resized to 1200x800px JPG q85
After5.jpg,before-after-5-after.jpg,gallery,assets/images/gallery/before-after-5-after.jpg,Resized to 1200x800px JPG q85
After3.jpg,before-after-3-after.jpg,gallery,assets/images/gallery/before-after-3-after.jpg,Resized to 1200x800px JPG q85
After1.jpg,before-after-1-after.jpg,gallery,assets/images/gallery/before-after-1-after.jpg,Resized to 1200x800px JPG q85
Before 3.jpg,before-after-3-before.jpg,gallery,assets/images/gallery/before-after-3-before.jpg,Resized to 1200x800px JPG q85
Gallery 12.jpg,work-01.jpg,gallery,assets/images/gallery/work-01.jpg,Resized to 800x600px JPG q85
Gallery 35.jpg,work-01.jpg,gallery,assets/images/gallery/work-01.jpg,Resized to 800x600px JPG q85
Gallery 1.jpg,work-01.jpg,gallery,assets/images/gallery/work-01.jpg,Resized to 800x600px JPG q85
Gallery 10.jpg,work-01.jpg,gallery,assets/images/gallery/work-01.jpg,Resized to 800x600px JPG q85
